satisfaction,effort,req_1,req_2,req_3,req_4,req_5,req_6,req_7,req_8,req_9,req_10,req_11,req_12,req_13,req_14,req_15,req_16,req_17,req_18,id,scope,productivity,squandering,stcov_c1,stcov_c2,stcov_c3,stcov_c4,stcov_c5,cluster,cluster_str,group_label
788.0,64,1,1,1,1,1,1,1,1,1,1,1,1,1,1,0,1,0,0,51,0.8333333333333334,12.3125,0.2558139534883721,0.8548387096636317,0.8852459016357163,0.8906249999930421,0.846153846149507,0.9090909090874656,1,1,Cluster 1 (n=4)
791.0,66,1,1,1,1,1,0,1,1,1,1,1,1,1,1,0,1,1,1,52,0.8888888888888888,11.984848484848484,0.23255813953488372,0.8548387096636317,0.8688524590128326,0.8906249999930421,0.8615384615340435,0.9242424242389233,1,1,Cluster 1 (n=4)
793.0,67,1,1,1,0,1,1,1,1,1,1,1,1,1,1,0,1,1,0,53,0.8333333333333334,11.835820895522389,0.22093023255813954,0.870967741921436,0.9016393442585999,0.8906249999930421,0.846153846149507,0.9090909090874656,1,1,Cluster 1 (n=4)
808.0,68,1,1,1,1,1,1,1,1,1,1,1,1,1,1,0,1,0,1,54,0.8888888888888888,11.882352941176471,0.20930232558139536,0.8870967741792404,0.9016393442585999,0.921874999992798,0.87692307691858,0.9242424242389233,1,1,Cluster 1 (n=4)
