satisfaction,effort,req_1,req_2,req_3,req_4,req_5,req_6,req_7,req_8,req_9,req_10,req_11,req_12,req_13,req_14,req_15,req_16,req_17,req_18,id,scope,productivity,squandering,stcov_c1,stcov_c2,stcov_c3,stcov_c4,stcov_c5,cluster,cluster_str,group_label
854.0,76,1,1,1,1,1,1,1,1,1,1,1,1,1,1,0,1,1,1,57,0.9444444444444444,11.236842105263158,0.11627906976744186,0.9354838709526535,0.9508196721272508,0.9687499999924317,0.9230769230721894,0.9848484848447544,1,1,Cluster 1 (n=3)
873.0,82,1,1,1,1,1,1,1,1,1,1,1,1,1,1,1,1,1,0,58,0.9444444444444444,10.646341463414634,0.046511627906976744,0.9677419354682623,0.983606557373018,0.9687499999924317,0.9692307692257989,0.9848484848447544,1,1,Cluster 1 (n=3)
893.0,86,1,1,1,1,1,1,1,1,1,1,1,1,1,1,1,1,1,1,59,1.0,10.383720930232558,0.0,0.999999999983871,0.9999999999959017,0.9999999999921876,0.9999999999948719,0.9999999999962121,1,1,Cluster 1 (n=3)
